<?xml version='1.0' encoding='UTF-8'?>
<?artifactRepository version='1.1.0'?>
<repository name='Bundle pool' type='org.eclipse.equinox.p2.artifact.repository.simpleRepository' version='1'>
  <properties size='2'>
    <property name='p2.system' value='true'/>
    <property name='p2.timestamp' value='1278675298800'/>
  </properties>
  <mappings size='3'>
    <rule filter='(&amp; (classifier=osgi.bundle))' output='${repoUrl}/plugins/${id}_${version}.jar'/>
    <rule filter='(&amp; (classifier=binary))' output='${repoUrl}/binary/${id}_${version}'/>
    <rule filter='(&amp; (classifier=org.eclipse.update.feature))' output='${repoUrl}/features/${id}_${version}.jar'/>
  </mappings>
  <artifacts size='195'>
    <artifact classifier='osgi.bundle' id='org.eclipse.core.net' version='1.2.1.r35x_20090812-1200'>
      <properties size='2'>
        <property name='artifact.size' value='59114'/>
        <property name='download.size' value='59114'/>
      </properties>
    </artifact>
    <artifact classifier='osgi.bundle' id='org.eclipse.swt.win32.win32.x86' version='3.5.1.v3555a'>
      <properties size='2'>
        <property name='artifact.size' value='2193992'/>
        <property name='download.size' value='2193992'/>
      </properties>
    </artifact>
    <artifact classifier='osgi.bundle' id='org.mortbay.jetty.util' version='6.1.15.v200905182336'>
      <properties size='2'>
        <property name='artifact.size' value='176906'/>
        <property name='download.size' value='176906'/>
      </properties>
    </artifact>
    <artifact classifier='osgi.bundle' id='org.topbraidcomposer.editors.forms' version='3.3.2.v20100709-0300R'>
      <properties size='2'>
        <property name='artifact.size' value='73833'/>
        <property name='download.size' value='73833'/>
      </properties>
    </artifact>
    <artifact classifier='osgi.bundle' id='org.eclipse.equinox.app' version='1.2.0.v20090520-1800'>
      <properties size='2'>
        <property name='artifact.size' value='78162'/>
        <property name='download.size' value='78162'/>
      </properties>
    </artifact>
    <artifact classifier='osgi.bundle' id='org.eclipse.core.expressions' version='3.4.100.v20090429-1800'>
      <properties size='2'>
        <property name='artifact.size' value='79289'/>
        <property name='download.size' value='79289'/>
      </properties>
    </artifact>
    <artifact classifier='osgi.bundle' id='org.eclipse.ui.views.log' version='1.0.100.v20090731'>
      <properties size='2'>
        <property name='artifact.size' value='126575'/>
        <property name='download.size' value='126575'/>
      </properties>
    </artifact>
    <artifact classifier='osgi.bundle' id='org.topbraid.lib.test' version='3.3.2.v20100709-0300R'>
      <properties size='2'>
        <property name='artifact.size' value='73393'/>
        <property name='download.size' value='73393'/>
      </properties>
      <repositoryProperties size='1'>
        <property name='artifact.folder' value='true'/>
      </repositoryProperties>
    </artifact>
    <artifact classifier='osgi.bundle' id='org.eclipse.equinox.p2.repository' version='1.0.1.v20090901-1041'>
      <properties size='2'>
        <property name='artifact.size' value='99766'/>
        <property name='download.size' value='99766'/>
      </properties>
    </artifact>
    <artifact classifier='osgi.bundle' id='org.topbraid.markers' version='3.3.2.v20100709-0300R'>
      <properties size='2'>
        <property name='artifact.size' value='9435'/>
        <property name='download.size' value='9435'/>
      </properties>
    </artifact>
    <artifact classifier='osgi.bundle' id='org.eclipse.equinox.p2.exemplarysetup' version='1.0.100.v20090520-1905'>
      <properties size='2'>
        <property name='artifact.size' value='5369'/>
        <property name='download.size' value='5369'/>
      </properties>
    </artifact>
    <artifact classifier='osgi.bundle' id='org.eclipse.ui.editors' version='3.5.0.v20090527-2000'>
      <properties size='2'>
        <property name='artifact.size' value='528336'/>
        <property name='download.size' value='528336'/>
      </properties>
    </artifact>
    <artifact classifier='osgi.bundle' id='org.eclipse.ui.navigator' version='3.4.1.M20090911-1550'>
      <properties size='2'>
        <property name='artifact.size' value='339797'/>
        <property name='download.size' value='339797'/>
      </properties>
    </artifact>
    <artifact classifier='osgi.bundle' id='org.eclipse.ui.net' version='1.2.1.r35x_20090812-1200'>
      <properties size='2'>
        <property name='artifact.size' value='40668'/>
        <property name='download.size' value='40668'/>
      </properties>
    </artifact>
    <artifact classifier='osgi.bundle' id='org.topbraid.calendar' version='3.3.2.v20100709-0300R'>
      <properties size='2'>
        <property name='artifact.size' value='20214'/>
        <property name='download.size' value='20214'/>
      </properties>
    </artifact>
    <artifact classifier='osgi.bundle' id='org.eclipse.equinox.util' version='1.0.100.v20090520-1800'>
      <properties size='2'>
        <property name='artifact.size' value='69788'/>
        <property name='download.size' value='69788'/>
      </properties>
    </artifact>
    <artifact classifier='osgi.bundle' id='org.eclipse.core.filebuffers' version='3.5.0.v20090526-2000'>
      <properties size='2'>
        <property name='artifact.size' value='104682'/>
        <property name='download.size' value='104682'/>
      </properties>
    </artifact>
    <artifact classifier='osgi.bundle' id='org.eclipse.ecf' version='3.0.0.v20090831-1906'>
      <properties size='2'>
        <property name='artifact.size' value='78399'/>
        <property name='download.size' value='78399'/>
      </properties>
    </artifact>
    <artifact classifier='osgi.bundle' id='org.topbraid.jenax' version='3.3.2.v20100709-0300R'>
      <properties size='2'>
        <property name='artifact.size' value='102374'/>
        <property name='download.size' value='102374'/>
      </properties>
    </artifact>
    <artifact classifier='osgi.bundle' id='org.eclipse.equinox.p2.garbagecollector' version='1.0.100.v20090520-1905'>
      <properties size='2'>
        <property name='artifact.size' value='17733'/>
        <property name='download.size' value='17733'/>
      </properties>
    </artifact>
    <artifact classifier='osgi.bundle' id='org.eclipse.swt' version='3.5.1.v3555a'>
      <properties size='2'>
        <property name='artifact.size' value='13067'/>
        <property name='download.size' value='13067'/>
      </properties>
    </artifact>
    <artifact classifier='osgi.bundle' id='org.hamcrest.core' version='1.1.0.v20090501071000'>
      <properties size='2'>
        <property name='artifact.size' value='22385'/>
        <property name='download.size' value='22385'/>
      </properties>
    </artifact>
    <artifact classifier='osgi.bundle' id='org.junit4' version='4.5.0.v20090824'>
      <properties size='2'>
        <property name='artifact.size' value='160355'/>
        <property name='download.size' value='160355'/>
      </properties>
      <repositoryProperties size='1'>
        <property name='artifact.folder' value='true'/>
      </repositoryProperties>
    </artifact>
    <artifact classifier='osgi.bundle' id='org.topbraidcomposer.help' version='3.3.2.v20100709-0300R'>
      <properties size='2'>
        <property name='artifact.size' value='21352601'/>
        <property name='download.size' value='21352601'/>
      </properties>
    </artifact>
    <artifact classifier='osgi.bundle' id='org.eclipse.core.databinding' version='1.2.0.M20090819-0800'>
      <properties size='2'>
        <property name='artifact.size' value='190563'/>
        <property name='download.size' value='190563'/>
      </properties>
    </artifact>
    <artifact classifier='osgi.bundle' id='org.topbraidcomposer.editors' version='3.3.2.v20100709-0300R'>
      <properties size='2'>
        <property name='artifact.size' value='127337'/>
        <property name='download.size' value='127337'/>
      </properties>
    </artifact>
    <artifact classifier='osgi.bundle' id='org.apache.lucene.analysis' version='1.9.1.v20080530-1600'>
      <properties size='2'>
        <property name='artifact.size' value='65668'/>
        <property name='download.size' value='65668'/>
      </properties>
    </artifact>
    <artifact classifier='osgi.bundle' id='com.ibm.icu' version='4.0.1.v20090822'>
      <properties size='2'>
        <property name='artifact.size' value='5710092'/>
        <property name='download.size' value='5710092'/>
      </properties>
    </artifact>
    <artifact classifier='osgi.bundle' id='org.eclipse.ecf.identity' version='3.0.0.v20090831-1906'>
      <properties size='2'>
        <property name='artifact.size' value='48360'/>
        <property name='download.size' value='48360'/>
      </properties>
    </artifact>
    <artifact classifier='osgi.bundle' id='org.apache.log4j' version='1.2.13.v200903072027'>
      <properties size='2'>
        <property name='artifact.size' value='368592'/>
        <property name='download.size' value='368592'/>
      </properties>
    </artifact>
    <artifact classifier='osgi.bundle' id='org.topbraid.lib.apache' version='3.3.2.v20100709-0300R'>
      <properties size='2'>
        <property name='artifact.size' value='1494487'/>
        <property name='download.size' value='1494487'/>
      </properties>
      <repositoryProperties size='1'>
        <property name='artifact.folder' value='true'/>
      </repositoryProperties>
    </artifact>
    <artifact classifier='osgi.bundle' id='org.eclipse.equinox.p2.updatesite' version='1.0.100.v20090525'>
      <properties size='2'>
        <property name='artifact.size' value='62412'/>
        <property name='download.size' value='62412'/>
      </properties>
    </artifact>
    <artifact classifier='osgi.bundle' id='org.topbraid.strings' version='3.3.2.v20100709-0300R'>
      <properties size='2'>
        <property name='artifact.size' value='41695'/>
        <property name='download.size' value='41695'/>
      </properties>
    </artifact>
    <artifact classifier='osgi.bundle' id='org.eclipse.equinox.p2.engine' version='1.0.101.R35x_v20090825'>
      <properties size='2'>
        <property name='artifact.size' value='149372'/>
        <property name='download.size' value='149372'/>
      </properties>
    </artifact>
    <artifact classifier='osgi.bundle' id='org.eclipse.ui.views.properties.tabbed' version='3.5.0.I20090429-1800'>
      <properties size='2'>
        <property name='artifact.size' value='95112'/>
        <property name='download.size' value='95112'/>
      </properties>
    </artifact>
    <artifact classifier='osgi.bundle' id='org.apache.commons.httpclient' version='3.1.0.v20080605-1935'>
      <properties size='2'>
        <property name='artifact.size' value='306159'/>
        <property name='download.size' value='306159'/>
      </properties>
    </artifact>
    <artifact classifier='osgi.bundle' id='org.eclipse.ui.views' version='3.4.1.M20090826-0800'>
      <properties size='2'>
        <property name='artifact.size' value='80844'/>
        <property name='download.size' value='80844'/>
      </properties>
    </artifact>
    <artifact classifier='osgi.bundle' id='org.eclipse.equinox.p2.tools' version='1.0.0.v20090525'>
      <properties size='2'>
        <property name='artifact.size' value='25022'/>
        <property name='download.size' value='25022'/>
      </properties>
    </artifact>
    <artifact classifier='osgi.bundle' id='org.eclipse.ui.win32' version='3.2.100.v20090429-1800'>
      <properties size='2'>
        <property name='artifact.size' value='19792'/>
        <property name='download.size' value='19792'/>
      </properties>
    </artifact>
    <artifact classifier='osgi.bundle' id='org.topbraid.lib.tidy' version='3.3.2.v20100709-0300R'>
      <properties size='2'>
        <property name='artifact.size' value='154973'/>
        <property name='download.size' value='154973'/>
      </properties>
    </artifact>
    <artifact classifier='osgi.bundle' id='org.eclipse.equinox.p2.director.app' version='1.0.100.v20090521-1912'>
      <properties size='2'>
        <property name='artifact.size' value='39783'/>
        <property name='download.size' value='39783'/>
      </properties>
    </artifact>
    <artifact classifier='osgi.bundle' id='org.eclipse.equinox.frameworkadmin.equinox' version='1.0.100.v20090520-1905'>
      <properties size='2'>
        <property name='artifact.size' value='56299'/>
        <property name='download.size' value='56299'/>
      </properties>
    </artifact>
    <artifact classifier='osgi.bundle' id='org.eclipse.core.runtime' version='3.5.0.v20090525'>
      <properties size='2'>
        <property name='artifact.size' value='64609'/>
        <property name='download.size' value='64609'/>
      </properties>
    </artifact>
    <artifact classifier='osgi.bundle' id='org.eclipse.ui' version='3.5.1.M20090902-1000'>
      <properties size='2'>
        <property name='artifact.size' value='136761'/>
        <property name='download.size' value='136761'/>
      </properties>
    </artifact>
    <artifact classifier='osgi.bundle' id='org.eclipse.update.ui' version='3.2.201.R35x_v20090813'>
      <properties size='2'>
        <property name='artifact.size' value='483055'/>
        <property name='download.size' value='483055'/>
      </properties>
    </artifact>
    <artifact classifier='osgi.bundle' id='org.eclipse.core.jobs' version='3.4.100.v20090429-1800'>
      <properties size='2'>
        <property name='artifact.size' value='76097'/>
        <property name='download.size' value='76097'/>
      </properties>
    </artifact>
    <artifact classifier='osgi.bundle' id='org.eclipse.ecf.provider.filetransfer' version='3.0.1.v20090831-1906'>
      <properties size='2'>
        <property name='artifact.size' value='113415'/>
        <property name='download.size' value='113415'/>
      </properties>
    </artifact>
    <artifact classifier='osgi.bundle' id='org.topbraidcomposer.free.splash' version='3.3.2.v20100709-0300R'>
      <properties size='2'>
        <property name='artifact.size' value='165508'/>
        <property name='download.size' value='165508'/>
      </properties>
      <repositoryProperties size='1'>
        <property name='artifact.folder' value='true'/>
      </repositoryProperties>
    </artifact>
    <artifact classifier='osgi.bundle' id='org.eclipse.equinox.p2.metadata' version='1.0.100.v20090525'>
      <properties size='2'>
        <property name='artifact.size' value='47598'/>
        <property name='download.size' value='47598'/>
      </properties>
    </artifact>
    <artifact classifier='osgi.bundle' id='org.eclipse.equinox.p2.core' version='1.0.101.R35x_v20090819'>
      <properties size='2'>
        <property name='artifact.size' value='116982'/>
        <property name='download.size' value='116982'/>
      </properties>
    </artifact>
    <artifact classifier='osgi.bundle' id='org.eclipse.jface.databinding' version='1.3.1.M20090826-0800'>
      <properties size='2'>
        <property name='artifact.size' value='245797'/>
        <property name='download.size' value='245797'/>
      </properties>
    </artifact>
    <artifact classifier='osgi.bundle' id='org.eclipse.update.core' version='3.2.300.v20090525'>
      <properties size='2'>
        <property name='artifact.size' value='570837'/>
        <property name='download.size' value='570837'/>
      </properties>
    </artifact>
    <artifact classifier='osgi.bundle' id='org.topbraid.visual' version='3.3.2.v20100709-0300R'>
      <properties size='2'>
        <property name='artifact.size' value='63355'/>
        <property name='download.size' value='63355'/>
      </properties>
    </artifact>
    <artifact classifier='osgi.bundle' id='org.eclipse.help' version='3.4.1.v20090805_35x'>
      <properties size='2'>
        <property name='artifact.size' value='208152'/>
        <property name='download.size' value='208152'/>
      </properties>
    </artifact>
    <artifact classifier='osgi.bundle' id='org.topbraid.sparql' version='3.3.2.v20100709-0300R'>
      <properties size='2'>
        <property name='artifact.size' value='73632'/>
        <property name='download.size' value='73632'/>
      </properties>
    </artifact>
    <artifact classifier='osgi.bundle' id='org.eclipse.equinox.jsp.jasper' version='1.0.200.v20090520-1800'>
      <properties size='2'>
        <property name='artifact.size' value='18817'/>
        <property name='download.size' value='18817'/>
      </properties>
    </artifact>
    <artifact classifier='osgi.bundle' id='org.topbraid.inference' version='3.3.2.v20100709-0300R'>
      <properties size='2'>
        <property name='artifact.size' value='31185'/>
        <property name='download.size' value='31185'/>
      </properties>
    </artifact>
    <artifact classifier='org.eclipse.update.feature' id='org.topbraidcomposer.free' version='3.3.2.v20100709-0300R'>
      <properties size='2'>
        <property name='download.size' value='31779'/>
        <property name='artifact.size' value='31779'/>
      </properties>
      <repositoryProperties size='1'>
        <property name='artifact.folder' value='true'/>
      </repositoryProperties>
    </artifact>
    <artifact classifier='osgi.bundle' id='org.topbraidcomposer.usagedata.ui' version='3.3.2.v20100709-0300R'>
      <properties size='2'>
        <property name='artifact.size' value='158230'/>
        <property name='download.size' value='158230'/>
      </properties>
    </artifact>
    <artifact classifier='osgi.bundle' id='org.topbraidcomposer.editors.actions' version='3.3.2.v20100709-0300R'>
      <properties size='2'>
        <property name='artifact.size' value='43827'/>
        <property name='download.size' value='43827'/>
      </properties>
    </artifact>
    <artifact classifier='osgi.bundle' id='org.topbraidcomposer.rdfa' version='3.3.2.v20100709-0300R'>
      <properties size='2'>
        <property name='artifact.size' value='9828'/>
        <property name='download.size' value='9828'/>
      </properties>
    </artifact>
    <artifact classifier='osgi.bundle' id='org.eclipse.text' version='3.5.0.v20090513-2000'>
      <properties size='2'>
        <property name='artifact.size' value='231807'/>
        <property name='download.size' value='231807'/>
      </properties>
    </artifact>
    <artifact classifier='osgi.bundle' id='org.eclipse.help.base' version='3.4.0.v200909170800'>
      <properties size='2'>
        <property name='artifact.size' value='327545'/>
        <property name='download.size' value='327545'/>
      </properties>
    </artifact>
    <artifact classifier='osgi.bundle' id='org.topbraidcomposer.operations' version='3.3.2.v20100709-0300R'>
      <properties size='2'>
        <property name='artifact.size' value='12353'/>
        <property name='download.size' value='12353'/>
      </properties>
    </artifact>
    <artifact classifier='osgi.bundle' id='org.eclipse.core.filesystem.win32.x86' version='1.1.0.v20080604-1400'>
      <properties size='2'>
        <property name='artifact.size' value='14028'/>
        <property name='download.size' value='14028'/>
      </properties>
    </artifact>
    <artifact classifier='osgi.bundle' id='org.eclipse.update.core.win32' version='3.2.100.v20080107'>
      <properties size='2'>
        <property name='artifact.size' value='82168'/>
        <property name='download.size' value='82168'/>
      </properties>
    </artifact>
    <artifact classifier='osgi.bundle' id='org.topbraidcomposer.editors.rdfsource' version='3.3.2.v20100709-0300R'>
      <properties size='2'>
        <property name='artifact.size' value='24397'/>
        <property name='download.size' value='24397'/>
      </properties>
    </artifact>
    <artifact classifier='osgi.bundle' id='org.apache.ant' version='1.7.1.v20090120-1145'>
      <properties size='2'>
        <property name='artifact.size' value='2010195'/>
        <property name='download.size' value='2010195'/>
      </properties>
      <repositoryProperties size='1'>
        <property name='artifact.folder' value='true'/>
      </repositoryProperties>
    </artifact>
    <artifact classifier='osgi.bundle' id='org.topbraid.core' version='3.3.2.v20100709-0300R'>
      <properties size='2'>
        <property name='artifact.size' value='971989'/>
        <property name='download.size' value='971989'/>
      </properties>
    </artifact>
    <artifact classifier='osgi.bundle' id='org.eclipse.core.variables' version='3.2.200.v20090521'>
      <properties size='2'>
        <property name='artifact.size' value='27361'/>
        <property name='download.size' value='27361'/>
      </properties>
    </artifact>
    <artifact classifier='osgi.bundle' id='org.eclipse.core.resources.win32.x86' version='3.5.0.v20081020'>
      <properties size='2'>
        <property name='artifact.size' value='12828'/>
        <property name='download.size' value='12828'/>
      </properties>
    </artifact>
    <artifact classifier='osgi.bundle' id='org.eclipse.ui.console' version='3.4.0.v20090513'>
      <properties size='2'>
        <property name='artifact.size' value='148293'/>
        <property name='download.size' value='148293'/>
      </properties>
    </artifact>
    <artifact classifier='osgi.bundle' id='org.topbraidcomposer.forms' version='3.3.2.v20100709-0300R'>
      <properties size='2'>
        <property name='artifact.size' value='29159'/>
        <property name='download.size' value='29159'/>
      </properties>
    </artifact>
    <artifact classifier='osgi.bundle' id='org.eclipse.equinox.p2.ui' version='1.0.101.R35x_v20090819'>
      <properties size='2'>
        <property name='artifact.size' value='518346'/>
        <property name='download.size' value='518346'/>
      </properties>
    </artifact>
    <artifact classifier='osgi.bundle' id='org.eclipse.equinox.simpleconfigurator' version='1.0.101.R35x_v20090807-1100'>
      <properties size='2'>
        <property name='artifact.size' value='33563'/>
        <property name='download.size' value='33563'/>
      </properties>
    </artifact>
    <artifact classifier='osgi.bundle' id='org.mortbay.jetty.server' version='6.1.15.v200905151201'>
      <properties size='2'>
        <property name='artifact.size' value='521728'/>
        <property name='download.size' value='521728'/>
      </properties>
    </artifact>
    <artifact classifier='osgi.bundle' id='org.topbraid.sparqlmotion' version='3.3.2.v20100709-0300R'>
      <properties size='2'>
        <property name='artifact.size' value='145982'/>
        <property name='download.size' value='145982'/>
      </properties>
    </artifact>
    <artifact classifier='osgi.bundle' id='org.topbraid.forms' version='3.3.2.v20100709-0300R'>
      <properties size='2'>
        <property name='artifact.size' value='40638'/>
        <property name='download.size' value='40638'/>
      </properties>
      <repositoryProperties size='1'>
        <property name='artifact.folder' value='true'/>
      </repositoryProperties>
    </artifact>
    <artifact classifier='osgi.bundle' id='org.eclipse.ui.navigator.resources' version='3.4.1.M20090826-0800'>
      <properties size='2'>
        <property name='artifact.size' value='116944'/>
        <property name='download.size' value='116944'/>
      </properties>
    </artifact>
    <artifact classifier='osgi.bundle' id='org.eclipse.equinox.simpleconfigurator.manipulator' version='1.0.100.v20090520-1905'>
      <properties size='2'>
        <property name='artifact.size' value='17863'/>
        <property name='download.size' value='17863'/>
      </properties>
    </artifact>
    <artifact classifier='osgi.bundle' id='org.eclipse.core.commands' version='3.5.0.I20090525-2000'>
      <properties size='2'>
        <property name='artifact.size' value='97519'/>
        <property name='download.size' value='97519'/>
      </properties>
    </artifact>
    <artifact classifier='osgi.bundle' id='org.topbraid.eclipsex' version='3.3.2.v20100709-0300R'>
      <properties size='2'>
        <property name='artifact.size' value='36688'/>
        <property name='download.size' value='36688'/>
      </properties>
    </artifact>
    <artifact classifier='osgi.bundle' id='org.topbraid.rdfa' version='3.3.2.v20100709-0300R'>
      <properties size='2'>
        <property name='artifact.size' value='17224'/>
        <property name='download.size' value='17224'/>
      </properties>
    </artifact>
    <artifact classifier='osgi.bundle' id='org.eclipse.equinox.security.win32.x86' version='1.0.100.v20090520-1800'>
      <properties size='2'>
        <property name='artifact.size' value='17437'/>
        <property name='download.size' value='17437'/>
      </properties>
    </artifact>
    <artifact classifier='osgi.bundle' id='org.eclipse.update.configurator' version='3.3.0.v20090312'>
      <properties size='2'>
        <property name='artifact.size' value='92804'/>
        <property name='download.size' value='92804'/>
      </properties>
    </artifact>
    <artifact classifier='osgi.bundle' id='org.eclipse.equinox.p2.ui.admin' version='1.0.0.v20090520-1905'>
      <properties size='2'>
        <property name='artifact.size' value='80323'/>
        <property name='download.size' value='80323'/>
      </properties>
    </artifact>
    <artifact classifier='osgi.bundle' id='org.topbraid.spinx' version='3.3.2.v20100709-0300R'>
      <properties size='2'>
        <property name='artifact.size' value='14551'/>
        <property name='download.size' value='14551'/>
      </properties>
    </artifact>
    <artifact classifier='osgi.bundle' id='org.eclipse.team.core' version='3.5.0.I20090527-0620'>
      <properties size='2'>
        <property name='artifact.size' value='365069'/>
        <property name='download.size' value='365069'/>
      </properties>
    </artifact>
    <artifact classifier='osgi.bundle' id='org.eclipse.equinox.transforms.hook' version='1.0.100.v20090520-1800'>
      <properties size='2'>
        <property name='artifact.size' value='21927'/>
        <property name='download.size' value='21927'/>
      </properties>
    </artifact>
    <artifact classifier='osgi.bundle' id='org.topbraidcomposer.navigation' version='3.3.2.v20100709-0300R'>
      <properties size='2'>
        <property name='artifact.size' value='336484'/>
        <property name='download.size' value='336484'/>
      </properties>
    </artifact>
    <artifact classifier='osgi.bundle' id='org.topbraid.actionslib' version='3.3.2.v20100709-0300R'>
      <properties size='2'>
        <property name='artifact.size' value='22881'/>
        <property name='download.size' value='22881'/>
      </properties>
    </artifact>
    <artifact classifier='osgi.bundle' id='org.eclipse.core.runtime.compatibility.registry' version='3.2.200.v20090429-1800'>
      <properties size='2'>
        <property name='artifact.size' value='8279'/>
        <property name='download.size' value='8279'/>
      </properties>
      <repositoryProperties size='1'>
        <property name='artifact.folder' value='true'/>
      </repositoryProperties>
    </artifact>
    <artifact classifier='osgi.bundle' id='org.eclipse.ecf.provider.filetransfer.ssl' version='1.0.0.v20090831-1906'>
      <properties size='2'>
        <property name='artifact.size' value='4270'/>
        <property name='download.size' value='4270'/>
      </properties>
    </artifact>
    <artifact classifier='osgi.bundle' id='org.topbraid.lib.spin' version='3.3.2.v20100709-0300R'>
      <properties size='2'>
        <property name='artifact.size' value='250457'/>
        <property name='download.size' value='250457'/>
      </properties>
    </artifact>
    <artifact classifier='osgi.bundle' id='org.eclipse.equinox.launcher' version='1.0.201.R35x_v20090715'>
      <properties size='2'>
        <property name='artifact.size' value='41055'/>
        <property name='download.size' value='41055'/>
      </properties>
    </artifact>
    <artifact classifier='osgi.bundle' id='org.topbraidcomposer.application' version='3.3.2.v20100709-0300R'>
      <properties size='2'>
        <property name='artifact.size' value='43331'/>
        <property name='download.size' value='43331'/>
      </properties>
      <repositoryProperties size='1'>
        <property name='artifact.folder' value='true'/>
      </repositoryProperties>
    </artifact>
    <artifact classifier='osgi.bundle' id='org.eclipse.equinox.p2.console' version='1.0.100.v20090520-1905'>
      <properties size='2'>
        <property name='artifact.size' value='15388'/>
        <property name='download.size' value='15388'/>
      </properties>
    </artifact>
    <artifact classifier='osgi.bundle' id='org.eclipse.help.ui' version='3.4.1.v20090819_35x'>
      <properties size='2'>
        <property name='artifact.size' value='442325'/>
        <property name='download.size' value='442325'/>
      </properties>
    </artifact>
    <artifact classifier='osgi.bundle' id='javax.servlet.jsp' version='2.0.0.v200806031607'>
      <properties size='2'>
        <property name='artifact.size' value='56688'/>
        <property name='download.size' value='56688'/>
      </properties>
    </artifact>
    <artifact classifier='osgi.bundle' id='org.eclipse.equinox.ds' version='1.1.1.R35x_v20090806'>
      <properties size='2'>
        <property name='artifact.size' value='160954'/>
        <property name='download.size' value='160954'/>
      </properties>
    </artifact>
    <artifact classifier='osgi.bundle' id='org.eclipse.equinox.p2.ui.sdk' version='1.0.100.v20090520-1905'>
      <properties size='2'>
        <property name='artifact.size' value='30301'/>
        <property name='download.size' value='30301'/>
      </properties>
    </artifact>
    <artifact classifier='osgi.bundle' id='org.eclipse.core.runtime.compatibility.auth' version='3.2.100.v20090413'>
      <properties size='2'>
        <property name='artifact.size' value='17981'/>
        <property name='download.size' value='17981'/>
      </properties>
    </artifact>
    <artifact classifier='osgi.bundle' id='org.eclipse.equinox.frameworkadmin' version='1.0.100.v20090520-1905'>
      <properties size='2'>
        <property name='artifact.size' value='29705'/>
        <property name='download.size' value='29705'/>
      </properties>
    </artifact>
    <artifact classifier='osgi.bundle' id='org.eclipse.equinox.p2.touchpoint.natives' version='1.0.101.R35x_v20090806'>
      <properties size='2'>
        <property name='artifact.size' value='41835'/>
        <property name='download.size' value='41835'/>
      </properties>
    </artifact>
    <artifact classifier='osgi.bundle' id='org.eclipse.ui.forms' version='3.4.1.v20090714_35x'>
      <properties size='2'>
        <property name='artifact.size' value='282109'/>
        <property name='download.size' value='282109'/>
      </properties>
    </artifact>
    <artifact classifier='osgi.bundle' id='org.topbraid.topspin' version='3.3.2.v20100709-0300R'>
      <properties size='2'>
        <property name='artifact.size' value='41177'/>
        <property name='download.size' value='41177'/>
      </properties>
    </artifact>
    <artifact classifier='osgi.bundle' id='org.eclipse.ui.ide' version='3.5.1.M20090826-0800'>
      <properties size='2'>
        <property name='artifact.size' value='1980949'/>
        <property name='download.size' value='1980949'/>
      </properties>
    </artifact>
    <artifact classifier='osgi.bundle' id='org.eclipse.jface.text' version='3.5.1.r351_v20090708-0800'>
      <properties size='2'>
        <property name='artifact.size' value='925063'/>
        <property name='download.size' value='925063'/>
      </properties>
    </artifact>
    <artifact classifier='osgi.bundle' id='org.topbraid.actions' version='3.3.2.v20100709-0300R'>
      <properties size='2'>
        <property name='artifact.size' value='27101'/>
        <property name='download.size' value='27101'/>
      </properties>
    </artifact>
    <artifact classifier='osgi.bundle' id='org.eclipse.core.resources' version='3.5.1.R35x_v20090826-0451'>
      <properties size='2'>
        <property name='artifact.size' value='680813'/>
        <property name='download.size' value='680813'/>
      </properties>
    </artifact>
    <artifact classifier='osgi.bundle' id='org.eclipse.compare.core' version='3.5.0.I20090430-0408'>
      <properties size='2'>
        <property name='artifact.size' value='55211'/>
        <property name='download.size' value='55211'/>
      </properties>
    </artifact>
    <artifact classifier='osgi.bundle' id='org.topbraid.javax' version='3.3.2.v20100709-0300R'>
      <properties size='2'>
        <property name='artifact.size' value='68808'/>
        <property name='download.size' value='68808'/>
      </properties>
    </artifact>
    <artifact classifier='osgi.bundle' id='org.eclipse.jface' version='3.5.1.M20090826-0800'>
      <properties size='2'>
        <property name='artifact.size' value='1007081'/>
        <property name='download.size' value='1007081'/>
      </properties>
    </artifact>
    <artifact classifier='osgi.bundle' id='org.eclipse.ui.intro.universal' version='3.2.300.v20090526'>
      <properties size='2'>
        <property name='artifact.size' value='1636964'/>
        <property name='download.size' value='1636964'/>
      </properties>
      <repositoryProperties size='1'>
        <property name='artifact.folder' value='true'/>
      </repositoryProperties>
    </artifact>
    <artifact classifier='osgi.bundle' id='org.eclipse.core.resources.compatibility' version='3.4.0.v20090505'>
      <properties size='2'>
        <property name='artifact.size' value='116620'/>
        <property name='download.size' value='116620'/>
      </properties>
    </artifact>
    <artifact classifier='osgi.bundle' id='org.eclipse.platform' version='3.3.201.v200909170800'>
      <properties size='2'>
        <property name='artifact.size' value='341056'/>
        <property name='download.size' value='341056'/>
      </properties>
      <repositoryProperties size='1'>
        <property name='artifact.folder' value='true'/>
      </repositoryProperties>
    </artifact>
    <artifact classifier='osgi.bundle' id='org.eclipse.core.net.win32.x86' version='1.0.0.I20080909'>
      <properties size='2'>
        <property name='artifact.size' value='25461'/>
        <property name='download.size' value='25461'/>
      </properties>
    </artifact>
    <artifact classifier='osgi.bundle' id='org.apache.jasper' version='5.5.17.v200903231320'>
      <properties size='2'>
        <property name='artifact.size' value='1679696'/>
        <property name='download.size' value='1679696'/>
      </properties>
    </artifact>
    <artifact classifier='osgi.bundle' id='org.topbraidcomposer.p2uipolicyservice' version='3.3.2.v20100709-0300R'>
      <properties size='2'>
        <property name='artifact.size' value='4023'/>
        <property name='download.size' value='4023'/>
      </properties>
    </artifact>
    <artifact classifier='osgi.bundle' id='org.eclipse.help.webapp' version='3.4.1.v20090819_35x'>
      <properties size='2'>
        <property name='artifact.size' value='449036'/>
        <property name='download.size' value='449036'/>
      </properties>
    </artifact>
    <artifact classifier='osgi.bundle' id='org.sat4j.core' version='2.1.0.v20090520'>
      <properties size='2'>
        <property name='artifact.size' value='162606'/>
        <property name='download.size' value='162606'/>
      </properties>
    </artifact>
    <artifact classifier='osgi.bundle' id='org.topbraid.lib.jdbc' version='3.3.2.v20100709-0300R'>
      <properties size='2'>
        <property name='artifact.size' value='3935094'/>
        <property name='download.size' value='3935094'/>
      </properties>
      <repositoryProperties size='1'>
        <property name='artifact.folder' value='true'/>
      </repositoryProperties>
    </artifact>
    <artifact classifier='osgi.bundle' id='org.eclipse.equinox.http.registry' version='1.0.200.v20090520-1800'>
      <properties size='2'>
        <property name='artifact.size' value='31730'/>
        <property name='download.size' value='31730'/>
      </properties>
    </artifact>
    <artifact classifier='osgi.bundle' id='org.topbraidcomposer.change' version='3.3.2.v20100709-0300R'>
      <properties size='2'>
        <property name='artifact.size' value='14712'/>
        <property name='download.size' value='14712'/>
      </properties>
    </artifact>
    <artifact classifier='osgi.bundle' id='org.apache.commons.logging' version='1.0.4.v200904062259'>
      <properties size='2'>
        <property name='artifact.size' value='39946'/>
        <property name='download.size' value='39946'/>
      </properties>
    </artifact>
    <artifact classifier='osgi.bundle' id='javax.servlet' version='2.5.0.v200806031605'>
      <properties size='2'>
        <property name='artifact.size' value='111092'/>
        <property name='download.size' value='111092'/>
      </properties>
    </artifact>
    <artifact classifier='osgi.bundle' id='org.topbraidcomposer.standardrequirementsforall' version='3.3.2.v20100709-0300R'>
      <properties size='2'>
        <property name='artifact.size' value='1558'/>
        <property name='download.size' value='1558'/>
      </properties>
    </artifact>
    <artifact classifier='osgi.bundle' id='org.eclipse.ui.workbench.texteditor' version='3.5.0.v20090603'>
      <properties size='2'>
        <property name='artifact.size' value='537189'/>
        <property name='download.size' value='537189'/>
      </properties>
    </artifact>
    <artifact classifier='osgi.bundle' id='org.eclipse.core.boot' version='3.1.100.v20080218'>
      <properties size='2'>
        <property name='artifact.size' value='2101'/>
        <property name='download.size' value='2101'/>
      </properties>
    </artifact>
    <artifact classifier='osgi.bundle' id='org.eclipse.ui.workbench.compatibility' version='3.2.0.I20090429-1800'>
      <properties size='2'>
        <property name='artifact.size' value='5718'/>
        <property name='download.size' value='5718'/>
      </properties>
      <repositoryProperties size='1'>
        <property name='artifact.folder' value='true'/>
      </repositoryProperties>
    </artifact>
    <artifact classifier='osgi.bundle' id='org.eclipse.equinox.p2.reconciler.dropins' version='1.0.100.v20090520-1905'>
      <properties size='2'>
        <property name='artifact.size' value='36131'/>
        <property name='download.size' value='36131'/>
      </properties>
    </artifact>
    <artifact classifier='osgi.bundle' id='org.eclipse.equinox.p2.updatechecker' version='1.1.0.v20090520-1905'>
      <properties size='2'>
        <property name='artifact.size' value='11601'/>
        <property name='download.size' value='11601'/>
      </properties>
    </artifact>
    <artifact classifier='osgi.bundle' id='org.apache.lucene' version='1.9.1.v20080530-1600'>
      <properties size='2'>
        <property name='artifact.size' value='423117'/>
        <property name='download.size' value='423117'/>
      </properties>
    </artifact>
    <artifact classifier='osgi.bundle' id='org.topbraidcomposer.inference' version='3.3.2.v20100709-0300R'>
      <properties size='2'>
        <property name='artifact.size' value='94292'/>
        <property name='download.size' value='94292'/>
      </properties>
    </artifact>
    <artifact classifier='osgi.bundle' id='org.apache.commons.el' version='1.0.0.v200806031608'>
      <properties size='2'>
        <property name='artifact.size' value='120118'/>
        <property name='download.size' value='120118'/>
      </properties>
    </artifact>
    <artifact classifier='osgi.bundle' id='org.eclipse.core.filesystem' version='1.2.0.v20090507'>
      <properties size='2'>
        <property name='artifact.size' value='39798'/>
        <property name='download.size' value='39798'/>
      </properties>
    </artifact>
    <artifact classifier='osgi.bundle' id='org.eclipse.equinox.p2.director' version='1.0.100.v20090520-1905'>
      <properties size='2'>
        <property name='artifact.size' value='81222'/>
        <property name='download.size' value='81222'/>
      </properties>
    </artifact>
    <artifact classifier='osgi.bundle' id='org.topbraid.lib.jena' version='3.3.2.v20100709-0300R'>
      <properties size='2'>
        <property name='artifact.size' value='10901100'/>
        <property name='download.size' value='10901100'/>
      </properties>
      <repositoryProperties size='1'>
        <property name='artifact.folder' value='true'/>
      </repositoryProperties>
    </artifact>
    <artifact classifier='org.eclipse.update.feature' id='org.topbraidcomposer.free.misc' version='3.3.2.v20100709-0300R'>
      <properties size='2'>
        <property name='download.size' value='21048'/>
        <property name='artifact.size' value='21048'/>
      </properties>
      <repositoryProperties size='1'>
        <property name='artifact.folder' value='true'/>
      </repositoryProperties>
    </artifact>
    <artifact classifier='osgi.bundle' id='org.eclipse.equinox.p2.artifact.repository' version='1.0.101.R35x_v20090721'>
      <properties size='2'>
        <property name='artifact.size' value='145704'/>
        <property name='download.size' value='145704'/>
      </properties>
    </artifact>
    <artifact classifier='osgi.bundle' id='org.topbraidcomposer.markers' version='3.3.2.v20100709-0300R'>
      <properties size='2'>
        <property name='artifact.size' value='30109'/>
        <property name='download.size' value='30109'/>
      </properties>
    </artifact>
    <artifact classifier='osgi.bundle' id='org.eclipse.equinox.p2.metadata.repository' version='1.0.101.R35x_v20090812'>
      <properties size='2'>
        <property name='artifact.size' value='114983'/>
        <property name='download.size' value='114983'/>
      </properties>
    </artifact>
    <artifact classifier='osgi.bundle' id='org.eclipse.epp.usagedata.gathering' version='1.1.0.R200906100410'>
      <properties size='2'>
        <property name='artifact.size' value='33216'/>
        <property name='download.size' value='33216'/>
      </properties>
    </artifact>
    <artifact classifier='osgi.bundle' id='org.eclipse.equinox.p2.ui.sdk.scheduler' version='1.0.0.v20090520-1905'>
      <properties size='2'>
        <property name='artifact.size' value='57489'/>
        <property name='download.size' value='57489'/>
      </properties>
    </artifact>
    <artifact classifier='osgi.bundle' id='org.eclipse.ui.ide.application' version='1.0.101.M20090826-0800'>
      <properties size='2'>
        <property name='artifact.size' value='51741'/>
        <property name='download.size' value='51741'/>
      </properties>
    </artifact>
    <artifact classifier='osgi.bundle' id='org.eclipse.equinox.preferences' version='3.2.300.v20090520-1800'>
      <properties size='2'>
        <property name='artifact.size' value='98359'/>
        <property name='download.size' value='98359'/>
      </properties>
    </artifact>
    <artifact classifier='osgi.bundle' id='org.topbraidcomposer.core' version='3.3.2.v20100709-0300R'>
      <properties size='2'>
        <property name='artifact.size' value='111146'/>
        <property name='download.size' value='111146'/>
      </properties>
    </artifact>
    <artifact classifier='osgi.bundle' id='org.eclipse.equinox.jsp.jasper.registry' version='1.0.100.v20090520-1800'>
      <properties size='2'>
        <property name='artifact.size' value='6767'/>
        <property name='download.size' value='6767'/>
      </properties>
    </artifact>
    <artifact classifier='osgi.bundle' id='org.topbraidcomposer.partialimport' version='3.3.2.v20100709-0300R'>
      <properties size='2'>
        <property name='artifact.size' value='5843'/>
        <property name='download.size' value='5843'/>
      </properties>
    </artifact>
    <artifact classifier='osgi.bundle' id='org.topbraid.change' version='3.3.2.v20100709-0300R'>
      <properties size='2'>
        <property name='artifact.size' value='89501'/>
        <property name='download.size' value='89501'/>
      </properties>
    </artifact>
    <artifact classifier='osgi.bundle' id='org.eclipse.ecf.provider.filetransfer.httpclient' version='3.0.1.v20090831-1906'>
      <properties size='2'>
        <property name='artifact.size' value='59625'/>
        <property name='download.size' value='59625'/>
      </properties>
    </artifact>
    <artifact classifier='osgi.bundle' id='org.eclipse.ui.intro' version='3.3.1.v20090805_35x'>
      <properties size='2'>
        <property name='artifact.size' value='279280'/>
        <property name='download.size' value='279280'/>
      </properties>
    </artifact>
    <artifact classifier='osgi.bundle' id='org.eclipse.osgi' version='3.5.1.R35x_v20090827'>
      <properties size='2'>
        <property name='artifact.size' value='1086116'/>
        <property name='download.size' value='1086116'/>
      </properties>
    </artifact>
    <artifact classifier='osgi.bundle' id='org.eclipse.equinox.http.jetty' version='2.0.0.v20090520-1800'>
      <properties size='2'>
        <property name='artifact.size' value='19405'/>
        <property name='download.size' value='19405'/>
      </properties>
    </artifact>
    <artifact classifier='osgi.bundle' id='org.apache.commons.codec' version='1.3.0.v20080530-1600'>
      <properties size='2'>
        <property name='artifact.size' value='48869'/>
        <property name='download.size' value='48869'/>
      </properties>
    </artifact>
    <artifact classifier='osgi.bundle' id='javax.xml' version='1.3.4.v200902170245'>
      <properties size='2'>
        <property name='artifact.size' value='214544'/>
        <property name='download.size' value='214544'/>
      </properties>
    </artifact>
    <artifact classifier='osgi.bundle' id='org.topbraidcomposer.editors.ontology' version='3.3.2.v20100709-0300R'>
      <properties size='2'>
        <property name='artifact.size' value='74809'/>
        <property name='download.size' value='74809'/>
      </properties>
    </artifact>
    <artifact classifier='osgi.bundle' id='org.eclipse.ecf.provider.filetransfer.httpclient.ssl' version='1.0.0.v20090831-1906'>
      <properties size='2'>
        <property name='artifact.size' value='12492'/>
        <property name='download.size' value='12492'/>
      </properties>
    </artifact>
    <artifact classifier='osgi.bundle' id='org.eclipse.equinox.security.ui' version='1.0.100.v20090520-1800'>
      <properties size='2'>
        <property name='artifact.size' value='200766'/>
        <property name='download.size' value='200766'/>
      </properties>
    </artifact>
    <artifact classifier='osgi.bundle' id='org.eclipse.equinox.p2.extensionlocation' version='1.0.100.v20090520-1905'>
      <properties size='2'>
        <property name='artifact.size' value='26958'/>
        <property name='download.size' value='26958'/>
      </properties>
    </artifact>
    <artifact classifier='osgi.bundle' id='org.topbraidcomposer.widgets' version='3.3.2.v20100709-0300R'>
      <properties size='2'>
        <property name='artifact.size' value='188197'/>
        <property name='download.size' value='188197'/>
      </properties>
    </artifact>
    <artifact classifier='osgi.bundle' id='org.eclipse.equinox.p2.directorywatcher' version='1.0.100.v20090525'>
      <properties size='2'>
        <property name='artifact.size' value='23866'/>
        <property name='download.size' value='23866'/>
      </properties>
    </artifact>
    <artifact classifier='osgi.bundle' id='org.topbraidcomposer.semanticweb' version='3.3.2.v20100709-0300R'>
      <properties size='2'>
        <property name='artifact.size' value='32302'/>
        <property name='download.size' value='32302'/>
      </properties>
    </artifact>
    <artifact classifier='osgi.bundle' id='org.eclipse.core.databinding.property' version='1.2.0.M20090819-0800'>
      <properties size='2'>
        <property name='artifact.size' value='164961'/>
        <property name='download.size' value='164961'/>
      </properties>
    </artifact>
    <artifact classifier='osgi.bundle' id='org.eclipse.equinox.p2.publisher' version='1.0.0.v20090527-1812'>
      <properties size='2'>
        <property name='artifact.size' value='259399'/>
        <property name='download.size' value='259399'/>
      </properties>
    </artifact>
    <artifact classifier='osgi.bundle' id='org.topbraidcomposer.spin' version='3.3.2.v20100709-0300R'>
      <properties size='2'>
        <property name='artifact.size' value='86050'/>
        <property name='download.size' value='86050'/>
      </properties>
    </artifact>
    <artifact classifier='osgi.bundle' id='org.eclipse.core.databinding.observable' version='1.2.0.M20090902-0800'>
      <properties size='2'>
        <property name='artifact.size' value='265198'/>
        <property name='download.size' value='265198'/>
      </properties>
    </artifact>
    <artifact classifier='osgi.bundle' id='javax.activation' version='1.1.0.v200906290531'>
      <properties size='2'>
        <property name='artifact.size' value='48032'/>
        <property name='download.size' value='48032'/>
      </properties>
    </artifact>
    <artifact classifier='osgi.bundle' id='org.mozilla.rhino' version='1.7.1.v20090521'>
      <properties size='2'>
        <property name='artifact.size' value='741321'/>
        <property name='download.size' value='741321'/>
      </properties>
      <repositoryProperties size='1'>
        <property name='artifact.folder' value='true'/>
      </repositoryProperties>
    </artifact>
    <artifact classifier='osgi.bundle' id='javax.mail' version='1.4.0.v200905040518'>
      <properties size='2'>
        <property name='artifact.size' value='303125'/>
        <property name='download.size' value='303125'/>
      </properties>
    </artifact>
    <artifact classifier='osgi.bundle' id='org.eclipse.ecf.filetransfer' version='3.0.0.v20090831-1906'>
      <properties size='2'>
        <property name='artifact.size' value='41187'/>
        <property name='download.size' value='41187'/>
      </properties>
    </artifact>
    <artifact classifier='osgi.bundle' id='org.topbraid.partialimport' version='3.3.2.v20100709-0300R'>
      <properties size='2'>
        <property name='artifact.size' value='13647'/>
        <property name='download.size' value='13647'/>
      </properties>
    </artifact>
    <artifact classifier='osgi.bundle' id='org.eclipse.osgi.services' version='3.2.0.v20090520-1800'>
      <properties size='2'>
        <property name='artifact.size' value='58583'/>
        <property name='download.size' value='58583'/>
      </properties>
    </artifact>
    <artifact classifier='osgi.bundle' id='org.eclipse.equinox.concurrent' version='1.0.0.v20090520-1800'>
      <properties size='2'>
        <property name='artifact.size' value='14689'/>
        <property name='download.size' value='14689'/>
      </properties>
    </artifact>
    <artifact classifier='osgi.bundle' id='org.topbraidcomposer.wizards' version='3.3.2.v20100709-0300R'>
      <properties size='2'>
        <property name='artifact.size' value='84643'/>
        <property name='download.size' value='84643'/>
      </properties>
    </artifact>
    <artifact classifier='osgi.bundle' id='org.topbraid.sparqlmotion.functions' version='3.3.2.v20100709-0300R'>
      <properties size='2'>
        <property name='artifact.size' value='75474'/>
        <property name='download.size' value='75474'/>
      </properties>
    </artifact>
    <artifact classifier='osgi.bundle' id='org.eclipse.equinox.launcher.win32.win32.x86' version='1.0.200.v20090519'>
      <properties size='2'>
        <property name='artifact.size' value='29241'/>
        <property name='download.size' value='29241'/>
      </properties>
      <repositoryProperties size='1'>
        <property name='artifact.folder' value='true'/>
      </repositoryProperties>
    </artifact>
    <artifact classifier='osgi.bundle' id='org.eclipse.ui.workbench' version='3.5.1.M20090826-0800a'>
      <properties size='2'>
        <property name='artifact.size' value='3889662'/>
        <property name='download.size' value='3889662'/>
      </properties>
    </artifact>
    <artifact classifier='osgi.bundle' id='org.eclipse.equinox.common' version='3.5.1.R35x_v20090807-1100'>
      <properties size='2'>
        <property name='artifact.size' value='92598'/>
        <property name='download.size' value='92598'/>
      </properties>
    </artifact>
    <artifact classifier='osgi.bundle' id='org.topbraid.spin' version='3.3.2.v20100709-0300R'>
      <properties size='2'>
        <property name='artifact.size' value='154574'/>
        <property name='download.size' value='154574'/>
      </properties>
    </artifact>
    <artifact classifier='osgi.bundle' id='org.eclipse.epp.usagedata.recording' version='1.1.0.R200906100410'>
      <properties size='2'>
        <property name='artifact.size' value='41080'/>
        <property name='download.size' value='41080'/>
      </properties>
    </artifact>
    <artifact classifier='osgi.bundle' id='org.eclipse.ant.core' version='3.2.100.v20090817_r351'>
      <properties size='2'>
        <property name='artifact.size' value='90760'/>
        <property name='download.size' value='90760'/>
      </properties>
    </artifact>
    <artifact classifier='osgi.bundle' id='org.eclipse.equinox.security' version='1.0.100.v20090520-1800'>
      <properties size='2'>
        <property name='artifact.size' value='97284'/>
        <property name='download.size' value='97284'/>
      </properties>
    </artifact>
    <artifact classifier='osgi.bundle' id='org.eclipse.ui.cheatsheets' version='3.3.200.v20090526'>
      <properties size='2'>
        <property name='artifact.size' value='309329'/>
        <property name='download.size' value='309329'/>
      </properties>
    </artifact>
    <artifact classifier='osgi.bundle' id='org.sat4j.pb' version='2.1.0.v20090520'>
      <properties size='2'>
        <property name='artifact.size' value='98615'/>
        <property name='download.size' value='98615'/>
      </properties>
    </artifact>
    <artifact classifier='osgi.bundle' id='org.eclipse.equinox.p2.touchpoint.eclipse' version='1.0.101.R35x_20090820-1821'>
      <properties size='2'>
        <property name='artifact.size' value='101915'/>
        <property name='download.size' value='101915'/>
      </properties>
    </artifact>
    <artifact classifier='osgi.bundle' id='org.eclipse.ecf.ssl' version='1.0.0.v20090831-1906'>
      <properties size='2'>
        <property name='artifact.size' value='7245'/>
        <property name='download.size' value='7245'/>
      </properties>
    </artifact>
    <artifact classifier='osgi.bundle' id='org.topbraidcomposer.ui' version='3.3.2.v20100709-0300R'>
      <properties size='2'>
        <property name='artifact.size' value='678951'/>
        <property name='download.size' value='678951'/>
      </properties>
    </artifact>
    <artifact classifier='osgi.bundle' id='org.eclipse.equinox.registry' version='3.4.100.v20090520-1800'>
      <properties size='2'>
        <property name='artifact.size' value='164139'/>
        <property name='download.size' value='164139'/>
      </properties>
    </artifact>
    <artifact classifier='osgi.bundle' id='org.topbraid.owl' version='3.3.2.v20100709-0300R'>
      <properties size='2'>
        <property name='artifact.size' value='84280'/>
        <property name='download.size' value='84280'/>
      </properties>
    </artifact>
    <artifact classifier='osgi.bundle' id='org.topbraid.changelive' version='3.3.2.v20100709-0300R'>
      <properties size='2'>
        <property name='artifact.size' value='13409'/>
        <property name='download.size' value='13409'/>
      </properties>
    </artifact>
    <artifact classifier='osgi.bundle' id='org.eclipse.core.contenttype' version='3.4.1.R35x_v20090826-0451'>
      <properties size='2'>
        <property name='artifact.size' value='81074'/>
        <property name='download.size' value='81074'/>
      </properties>
    </artifact>
    <artifact classifier='osgi.bundle' id='org.topbraidcomposer.sparql' version='3.3.2.v20100709-0300R'>
      <properties size='2'>
        <property name='artifact.size' value='113411'/>
        <property name='download.size' value='113411'/>
      </properties>
    </artifact>
    <artifact classifier='osgi.bundle' id='org.eclipse.equinox.p2.jarprocessor' version='1.0.100.v20090520-1905'>
      <properties size='2'>
        <property name='artifact.size' value='53934'/>
        <property name='download.size' value='53934'/>
      </properties>
    </artifact>
    <artifact classifier='osgi.bundle' id='org.eclipse.equinox.http.servlet' version='1.0.200.v20090520-1800'>
      <properties size='2'>
        <property name='artifact.size' value='30824'/>
        <property name='download.size' value='30824'/>
      </properties>
    </artifact>
  </artifacts>
</repository>
