<?xml version="1.0" encoding="UTF-8"?><!--
    Copyright (c) 2009 TopQuadrant, Inc.
    All rights reserved. 
 -->

<feature
      id="org.topbraidcomposer.free.misc"
      label="TopBraid Composer Free Edition Miscellaneous pieces"
      version="3.3.2.v20100709-0300R"
      image="eclipse_update_120.jpg"
      provider-name="TopQuadrant, Inc.">

   <description url="http://www.topbraidcomposer.org/">
  Plugins from eclipse repackaged for convenience.
   </description>

   <copyright>
(c) Copyright Eclipse contributors and others 2004-2009.  All rights reserved.
   </copyright>

   <license>
ECLIPSE FOUNDATION SOFTWARE USER AGREEMENT
January 28, 2004

Usage Of Content

THE ECLIPSE FOUNDATION MAKES AVAILABLE SOFTWARE, DOCUMENTATION, INFORMATION AND/OR
OTHER MATERIALS FOR OPEN SOURCE PROJECTS (COLLECTIVELY "CONTENT").
USE OF THE CONTENT IS GOVERNED BY THE TERMS AND CONDITIONS OF THIS
AGREEMENT AND/OR THE TERMS AND CONDITIONS OF LICENSE AGREEMENTS OR
NOTICES INDICATED OR REFERENCED BELOW. BY USING THE CONTENT, YOU
AGREE THAT YOUR USE OF THE CONTENT IS GOVERNED BY THIS AGREEMENT
AND/OR THE TERMS AND CONDITIONS OF ANY APPLICABLE LICENSE AGREEMENTS
OR NOTICES INDICATED OR REFERENCED BELOW. IF YOU DO NOT AGREE TO THE
TERMS AND CONDITIONS OF THIS AGREEMENT AND THE TERMS AND CONDITIONS
OF ANY APPLICABLE LICENSE AGREEMENTS OR NOTICES INDICATED OR REFERENCED
BELOW, THEN YOU MAY NOT USE THE CONTENT.

Applicable Licenses

Unless otherwise indicated, all Content made available by the Eclipse Foundation
is provided to you under the terms and conditions of the Eclipse Public
License Version 1.0 ("EPL"). A copy of the EPL is provided with this
Content and is also available at http://www.eclipse.org/legal/epl-v10.html.
For purposes of the EPL, "Program" will mean the Content.

Content includes, but is not limited to, source code, object code,
documentation and other files maintained in the Eclipse.org CVS
repository ("Repository") in CVS modules ("Modules") and made available
as downloadable archives ("Downloads").

Content may be apportioned into plug-ins ("Plug-ins"), plug-in fragments
("Fragments"), and features ("Features"). A Feature is a bundle of one or
more Plug-ins and/or Fragments and associated material. Files named
"feature.xml" may contain a list of the names and version numbers of the
Plug-ins and/or Fragments associated with a Feature. Plug-ins and Fragments
are located in directories named "plugins" and Features are located in
directories named "features".

Features may also include other Features ("Included Features"). Files named
"feature.xml" may contain a list of the names and version numbers of
Included Features.

The terms and conditions governing Plug-ins and Fragments should be
contained in files named "about.html" ("Abouts"). The terms and
conditions governing Features and Included Features should be contained
in files named "license.html" ("Feature Licenses"). Abouts and Feature
Licenses may be located in any directory of a Download or Module
including, but not limited to the following locations:

- The top-level (root) directory
- Plug-in and Fragment directories
- Subdirectories of the directory named "src" of certain Plug-ins
- Feature directories

Note: if a Feature made available by the Eclipse Foundation is installed using the
Eclipse Update Manager, you must agree to a license ("Feature Update
License") during the installation process. If the Feature contains
Included Features, the Feature Update License should either provide you
with the terms and conditions governing the Included Features or inform
you where you can locate them. Feature Update Licenses may be found in
the "license" property of files named "feature.properties". Such Abouts,
Feature Licenses and Feature Update Licenses contain the terms and
conditions (or references to such terms and conditions) that govern your
use of the associated Content in that directory.

THE ABOUTS, FEATURE LICENSES AND FEATURE UPDATE LICENSES MAY REFER
TO THE CPL OR OTHER LICENSE AGREEMENTS, NOTICES OR TERMS AND CONDITIONS.
SOME OF THESE OTHER LICENSE AGREEMENTS MAY INCLUDE (BUT ARE NOT LIMITED TO):

- Common Public License Version 1.0 (available at http://www.eclipse.org/legal/cpl-v10.html)
- Apache Software License 1.1 (available at http://www.apache.org/licenses/LICENSE)
- Apache Software License 2.0 (available at http://www.apache.org/licenses/LICENSE-2.0)
- IBM Public License 1.0 (available at http://oss.software.ibm.com/developerworks/opensource/license10.html)
- Metro Link Public License 1.00 (available at http://www.opengroup.org/openmotif/supporters/metrolink/license.html)
- Mozilla Public License Version 1.1 (available at http://www.mozilla.org/MPL/MPL-1.1.html)

IT IS YOUR OBLIGATION TO READ AND ACCEPT ALL SUCH TERMS AND CONDITIONS PRIOR
TO USE OF THE CONTENT. If no About, Feature License or Feature Update License
is provided, please contact the Eclipse Foundation to determine what terms and conditions
govern that particular Content.

Cryptography

Content may contain encryption software. The country in which you are
currently may have restrictions on the import, possession, and use,
and/or re-export to another country, of encryption software. BEFORE
using any encryption software, please check the country's laws,
regulations and policies concerning the import, possession, or use,
and re-export of encryption software, to see if this is permitted.  
   </license>

   <url>
      <update label="TopBraid Composer" url="http://www.topquadrant.com/products/updates/3.3/"/>
      <discovery label="Galileo (eclipse)" url="http://download.eclipse.org/releases/galileo"/>
      <discovery label="Polarion (subversive)" url="http://community.polarion.com/projects/subversive/download/eclipse/2.0/update-site/"/>
   </url>
   
  <plugin 
	unpack='false'
	id='org.eclipse.equinox.p2.publisher'
	download-size='0'
	install-size='0'
	version='1.0.0.v20090527-1812'
	/>
  <plugin 
	unpack='false'
	id='org.eclipse.text'
	download-size='0'
	install-size='0'
	version='3.5.0.v20090513-2000'
	/>
  <plugin 
	unpack='false'
	id='org.eclipse.equinox.p2.reconciler.dropins'
	download-size='0'
	install-size='0'
	version='1.0.100.v20090520-1905'
	/>
  <plugin 
	unpack='false'
	id='org.eclipse.core.filesystem.hpux.ia64_32'
	download-size='0'
	install-size='0'
	version='1.0.0.v20080604-1400'
	os='hpux'
	arch='ia64_32'
	/>
  <plugin 
	unpack='false'
	id='org.eclipse.equinox.p2.directorywatcher'
	download-size='0'
	install-size='0'
	version='1.0.100.v20090525'
	/>
  <plugin 
	unpack='false'
	id='org.eclipse.equinox.p2.exemplarysetup'
	download-size='0'
	install-size='0'
	version='1.0.100.v20090520-1905'
	/>
  <plugin 
	unpack='false'
	id='org.eclipse.update.core.win32'
	download-size='0'
	install-size='0'
	version='3.2.100.v20080107'
	os='win32'
	/>
  <plugin 
	unpack='true'
	id='org.eclipse.ui.intro.universal'
	download-size='0'
	install-size='0'
	version='3.2.300.v20090526'
	/>
  <plugin 
	unpack='false'
	id='org.eclipse.core.filesystem.linux.x86'
	download-size='0'
	install-size='0'
	version='1.2.0.v20080604-1400'
	os='linux'
	arch='x86'
	/>
  <plugin 
	unpack='false'
	id='org.sat4j.pb'
	download-size='0'
	install-size='0'
	version='2.1.0.v20090520'
	/>
  <plugin 
	unpack='true'
	id='org.mozilla.rhino'
	download-size='0'
	install-size='0'
	version='1.7.1.v20090521'
	/>
  <plugin 
	unpack='true'
	id='org.eclipse.equinox.launcher.motif.hpux.PA_RISC'
	download-size='0'
	install-size='0'
	version='1.0.100.v20090306-1900'
	os='hpux'
	arch='PA_RISC'
	ws='motif'
	/>
  <plugin 
	unpack='false'
	id='org.eclipse.ui.views.properties.tabbed'
	download-size='0'
	install-size='0'
	version='3.5.0.I20090429-1800'
	/>
  <plugin 
	unpack='false'
	id='org.apache.commons.httpclient'
	download-size='0'
	install-size='0'
	version='3.1.0.v20080605-1935'
	/>
  <plugin 
	unpack='false'
	id='org.eclipse.swt.motif.aix.ppc'
	download-size='0'
	install-size='0'
	version='3.5.1.v3555a'
	os='aix'
	arch='ppc'
	ws='motif'
	/>
  <plugin 
	unpack='false'
	id='org.eclipse.core.filesystem.linux.ppc'
	download-size='0'
	install-size='0'
	version='1.0.100.v20080604-1400'
	os='linux'
	arch='ppc'
	/>
  <plugin 
	unpack='false'
	id='org.eclipse.compare.core'
	download-size='0'
	install-size='0'
	version='3.5.0.I20090430-0408'
	/>
  <plugin 
	unpack='false'
	id='org.eclipse.swt.gtk.linux.x86'
	download-size='0'
	install-size='0'
	version='3.5.1.v3555a'
	os='linux'
	arch='x86'
	ws='gtk'
	/>
  <plugin 
	unpack='false'
	id='org.eclipse.equinox.p2.updatesite'
	download-size='0'
	install-size='0'
	version='1.0.100.v20090525'
	/>
  <plugin 
	unpack='false'
	id='org.eclipse.ui.console'
	download-size='0'
	install-size='0'
	version='3.4.0.v20090513'
	/>
  <plugin 
	unpack='false'
	id='org.eclipse.swt.gtk.linux.x86_64'
	download-size='0'
	install-size='0'
	version='3.5.1.v3555a'
	os='linux'
	arch='x86_64'
	ws='gtk'
	/>
  <plugin 
	unpack='false'
	id='org.eclipse.help.ui'
	download-size='0'
	install-size='0'
	version='3.4.1.v20090819_35x'
	/>
  <plugin 
	unpack='false'
	id='org.eclipse.core.net'
	download-size='0'
	install-size='0'
	version='1.2.1.r35x_20090812-1200'
	/>
  <plugin 
	unpack='false'
	id='org.eclipse.ecf.filetransfer'
	download-size='0'
	install-size='0'
	version='3.0.0.v20090831-1906'
	/>
  <plugin 
	unpack='false'
	id='org.eclipse.ui.cocoa'
	download-size='0'
	install-size='0'
	version='1.0.0.I20090525-2000'
	ws='cocoa'
	/>
  <plugin 
	unpack='false'
	id='org.eclipse.equinox.p2.director'
	download-size='0'
	install-size='0'
	version='1.0.100.v20090520-1905'
	/>
  <plugin 
	unpack='true'
	id='org.eclipse.equinox.launcher.gtk.solaris.sparc'
	download-size='0'
	install-size='0'
	version='1.0.201.R35x_v20090720'
	os='solaris'
	arch='sparc'
	ws='gtk'
	/>
  <plugin 
	unpack='false'
	id='org.eclipse.equinox.p2.updatechecker'
	download-size='0'
	install-size='0'
	version='1.1.0.v20090520-1905'
	/>
  <plugin 
	unpack='false'
	id='org.eclipse.equinox.simpleconfigurator.manipulator'
	download-size='0'
	install-size='0'
	version='1.0.100.v20090520-1905'
	/>
  <plugin 
	unpack='false'
	id='org.eclipse.core.commands'
	download-size='0'
	install-size='0'
	version='3.5.0.I20090525-2000'
	/>
  <plugin 
	unpack='false'
	id='org.eclipse.swt.wpf.win32.x86'
	download-size='0'
	install-size='0'
	version='3.5.1.v3555a'
	os='win32'
	arch='x86'
	ws='wpf'
	/>
  <plugin 
	unpack='false'
	id='org.eclipse.help.base'
	download-size='0'
	install-size='0'
	version='3.4.0.v200909170800'
	/>
  <plugin 
	unpack='false'
	id='org.eclipse.ui'
	download-size='0'
	install-size='0'
	version='3.5.1.M20090902-1000'
	/>
  <plugin 
	unpack='false'
	id='org.eclipse.core.databinding.property'
	download-size='0'
	install-size='0'
	version='1.2.0.M20090819-0800'
	/>
  <plugin 
	unpack='false'
	id='org.eclipse.swt.gtk.solaris.sparc'
	download-size='0'
	install-size='0'
	version='3.5.1.v3555a'
	os='solaris'
	arch='sparc'
	ws='gtk'
	/>
  <plugin 
	unpack='false'
	id='javax.activation'
	download-size='0'
	install-size='0'
	version='1.1.0.v200906290531'
	/>
  <plugin 
	unpack='false'
	id='org.eclipse.core.net.win32.x86'
	download-size='0'
	install-size='0'
	version='1.0.0.I20080909'
	os='win32'
	arch='x86'
	/>
  <plugin 
	unpack='false'
	id='org.eclipse.ecf'
	download-size='0'
	install-size='0'
	version='3.0.0.v20090831-1906'
	/>
  <plugin 
	unpack='true'
	id='org.apache.ant'
	download-size='0'
	install-size='0'
	version='1.7.1.v20090120-1145'
	/>
  <plugin 
	unpack='false'
	id='org.eclipse.help'
	download-size='0'
	install-size='0'
	version='3.4.1.v20090805_35x'
	/>
  <plugin 
	unpack='false'
	id='org.eclipse.core.filesystem'
	download-size='0'
	install-size='0'
	version='1.2.0.v20090507'
	/>
  <plugin 
	unpack='false'
	id='org.eclipse.swt.gtk.linux.s390x'
	download-size='0'
	install-size='0'
	version='3.5.0.v3550b'
	os='linux'
	arch='s390x'
	ws='gtk'
	/>
  <plugin 
	unpack='false'
	id='org.eclipse.equinox.preferences'
	download-size='0'
	install-size='0'
	version='3.2.300.v20090520-1800'
	/>
  <plugin 
	unpack='false'
	id='org.eclipse.core.databinding.observable'
	download-size='0'
	install-size='0'
	version='1.2.0.M20090902-0800'
	/>
  <plugin 
	unpack='false'
	id='org.eclipse.swt.win32.win32.x86'
	download-size='0'
	install-size='0'
	version='3.5.1.v3555a'
	os='win32'
	arch='x86'
	ws='win32'
	/>
  <plugin 
	unpack='false'
	id='org.eclipse.equinox.p2.repository'
	download-size='0'
	install-size='0'
	version='1.0.1.v20090901-1041'
	/>
  <plugin 
	unpack='false'
	id='org.eclipse.core.filesystem.win32.x86_64'
	download-size='0'
	install-size='0'
	version='1.1.0.v20090316-0910'
	os='win32'
	arch='x86_64'
	/>
  <plugin 
	unpack='false'
	id='org.eclipse.ui.workbench.texteditor'
	download-size='0'
	install-size='0'
	version='3.5.0.v20090603'
	/>
  <plugin 
	unpack='false'
	id='org.eclipse.swt.gtk.linux.s390'
	download-size='0'
	install-size='0'
	version='3.5.0.v3550b'
	os='linux'
	arch='s390'
	ws='gtk'
	/>
  <plugin 
	unpack='false'
	id='org.eclipse.ui.forms'
	download-size='0'
	install-size='0'
	version='3.4.1.v20090714_35x'
	/>
  <plugin 
	unpack='true'
	id='org.eclipse.core.runtime.compatibility.registry'
	download-size='0'
	install-size='0'
	version='3.2.200.v20090429-1800'
	/>
  <plugin 
	unpack='false'
	id='org.eclipse.equinox.p2.ui'
	download-size='0'
	install-size='0'
	version='1.0.101.R35x_v20090819'
	/>
  <plugin 
	unpack='false'
	id='org.eclipse.core.boot'
	download-size='0'
	install-size='0'
	version='3.1.100.v20080218'
	/>
  <plugin 
	unpack='false'
	id='javax.servlet'
	download-size='0'
	install-size='0'
	version='2.5.0.v200806031605'
	/>
  <plugin 
	unpack='false'
	id='org.eclipse.swt.gtk.solaris.x86'
	download-size='0'
	install-size='0'
	version='3.5.1.v3555a'
	os='solaris'
	arch='x86'
	ws='gtk'
	/>
  <plugin 
	unpack='false'
	id='org.eclipse.core.jobs'
	download-size='0'
	install-size='0'
	version='3.4.100.v20090429-1800'
	/>
  <plugin 
	unpack='false'
	id='org.eclipse.equinox.security.macosx'
	download-size='0'
	install-size='0'
	version='1.100.0.v20090520-1800'
	os='macosx'
	arch='x86,x86_64,ppc'
	/>
  <plugin 
	unpack='true'
	id='org.eclipse.equinox.launcher.carbon.macosx'
	download-size='0'
	install-size='0'
	version='1.0.200.v20090520-1835'
	os='macosx'
	arch='x86,ppc'
	ws='carbon'
	/>
  <plugin 
	unpack='false'
	id='org.apache.lucene'
	download-size='0'
	install-size='0'
	version='1.9.1.v20080530-1600'
	/>
  <plugin 
	unpack='false'
	id='org.eclipse.ecf.provider.filetransfer.httpclient'
	download-size='0'
	install-size='0'
	version='3.0.1.v20090831-1906'
	/>
  <plugin 
	unpack='false'
	id='org.eclipse.equinox.p2.extensionlocation'
	download-size='0'
	install-size='0'
	version='1.0.100.v20090520-1905'
	/>
  <plugin 
	unpack='false'
	id='org.eclipse.equinox.p2.ui.sdk.scheduler'
	download-size='0'
	install-size='0'
	version='1.0.0.v20090520-1905'
	/>
  <plugin 
	unpack='false'
	id='org.eclipse.core.net.linux.x86'
	download-size='0'
	install-size='0'
	version='1.1.0.I20081021'
	os='linux'
	arch='x86'
	/>
  <plugin 
	unpack='false'
	id='org.eclipse.epp.usagedata.gathering'
	download-size='0'
	install-size='0'
	version='1.1.0.R200906100410'
	/>
  <plugin 
	unpack='false'
	id='org.eclipse.ui.navigator'
	download-size='0'
	install-size='0'
	version='3.4.1.M20090911-1550'
	/>
  <plugin 
	unpack='false'
	id='org.eclipse.ui.net'
	download-size='0'
	install-size='0'
	version='1.2.1.r35x_20090812-1200'
	/>
  <plugin 
	unpack='false'
	id='org.eclipse.equinox.security.ui'
	download-size='0'
	install-size='0'
	version='1.0.100.v20090520-1800'
	/>
  <plugin 
	unpack='false'
	id='org.eclipse.core.contenttype'
	download-size='0'
	install-size='0'
	version='3.4.1.R35x_v20090826-0451'
	/>
  <plugin 
	unpack='false'
	id='org.eclipse.jface.databinding'
	download-size='0'
	install-size='0'
	version='1.3.1.M20090826-0800'
	/>
  <plugin 
	unpack='false'
	id='org.eclipse.update.core.linux'
	download-size='0'
	install-size='0'
	version='3.2.100.v20081008'
	os='linux'
	arch='x86'
	/>
  <plugin 
	unpack='true'
	id='org.eclipse.equinox.launcher.win32.win32.x86'
	download-size='0'
	install-size='0'
	version='1.0.200.v20090519'
	os='win32'
	arch='x86'
	ws='win32'
	/>
  <plugin 
	unpack='false'
	id='org.eclipse.jface'
	download-size='0'
	install-size='0'
	version='3.5.1.M20090826-0800'
	/>
  <plugin 
	unpack='false'
	id='org.eclipse.equinox.jsp.jasper.registry'
	download-size='0'
	install-size='0'
	version='1.0.100.v20090520-1800'
	/>
  <plugin 
	unpack='false'
	id='org.eclipse.ui.win32'
	download-size='0'
	install-size='0'
	version='3.2.100.v20090429-1800'
	ws='win32'
	/>
  <plugin 
	unpack='false'
	id='org.eclipse.core.filesystem.linux.x86_64'
	download-size='0'
	install-size='0'
	version='1.0.100.v20080604-1400'
	os='linux'
	arch='x86_64'
	/>
  <plugin 
	unpack='false'
	id='org.eclipse.equinox.app'
	download-size='0'
	install-size='0'
	version='1.2.0.v20090520-1800'
	/>
  <plugin 
	unpack='false'
	id='org.eclipse.ui.navigator.resources'
	download-size='0'
	install-size='0'
	version='3.4.1.M20090826-0800'
	/>
  <plugin 
	unpack='false'
	id='org.eclipse.swt.motif.solaris.sparc'
	download-size='0'
	install-size='0'
	version='3.5.1.v3555a'
	os='solaris'
	arch='sparc'
	ws='motif'
	/>
  <plugin 
	unpack='false'
	id='org.eclipse.swt.motif.hpux.PA_RISC'
	download-size='0'
	install-size='0'
	version='3.5.0.HEAD'
	os='hpux'
	arch='PA_RISC'
	ws='motif'
	/>
  <plugin 
	unpack='true'
	id='org.eclipse.equinox.launcher.motif.hpux.ia64_32'
	download-size='0'
	install-size='0'
	version='1.0.100.v20090519'
	os='hpux'
	arch='ia64_32'
	ws='motif'
	/>
  <plugin 
	unpack='false'
	id='javax.xml'
	download-size='0'
	install-size='0'
	version='1.3.4.v200902170245'
	/>
  <plugin 
	unpack='false'
	id='org.eclipse.core.runtime'
	download-size='0'
	install-size='0'
	version='3.5.0.v20090525'
	/>
  <plugin 
	unpack='false'
	id='javax.servlet.jsp'
	download-size='0'
	install-size='0'
	version='2.0.0.v200806031607'
	/>
  <plugin 
	unpack='true'
	id='org.eclipse.equinox.launcher.gtk.linux.s390'
	download-size='0'
	install-size='0'
	version='1.0.100.v20090426-1530'
	os='linux'
	arch='s390'
	ws='gtk'
	/>
  <plugin 
	unpack='true'
	id='org.eclipse.equinox.launcher.motif.solaris.sparc'
	download-size='0'
	install-size='0'
	version='1.0.300.HEAD'
	os='solaris'
	arch='sparc'
	ws='motif'
	/>
  <plugin 
	unpack='true'
	id='org.eclipse.equinox.launcher.gtk.linux.x86_64'
	download-size='0'
	install-size='0'
	version='1.0.200.v20090519'
	os='linux'
	arch='x86_64'
	ws='gtk'
	/>
  <plugin 
	unpack='false'
	id='org.eclipse.equinox.http.jetty'
	download-size='0'
	install-size='0'
	version='2.0.0.v20090520-1800'
	/>
  <plugin 
	unpack='false'
	id='org.eclipse.equinox.http.registry'
	download-size='0'
	install-size='0'
	version='1.0.200.v20090520-1800'
	/>
  <plugin 
	unpack='false'
	id='org.eclipse.swt.cocoa.macosx'
	download-size='0'
	install-size='0'
	version='3.5.1.v3555a'
	os='macosx'
	arch='x86,ppc'
	ws='cocoa'
	/>
  <plugin 
	unpack='false'
	id='org.eclipse.equinox.p2.artifact.repository'
	download-size='0'
	install-size='0'
	version='1.0.101.R35x_v20090721'
	/>
  <plugin 
	unpack='false'
	id='org.eclipse.core.filesystem.hpux.PA_RISC'
	download-size='0'
	install-size='0'
	version='1.0.0.v20080604-1400'
	os='hpux'
	arch='PA_RISC'
	/>
  <plugin 
	unpack='false'
	id='org.eclipse.swt.cocoa.macosx.x86_64'
	download-size='0'
	install-size='0'
	version='3.5.1.v3555a'
	os='macosx'
	arch='x86_64'
	ws='cocoa'
	/>
  <plugin 
	unpack='false'
	id='org.eclipse.update.configurator'
	download-size='0'
	install-size='0'
	version='3.3.0.v20090312'
	/>
  <plugin 
	unpack='false'
	id='org.eclipse.update.core'
	download-size='0'
	install-size='0'
	version='3.2.300.v20090525'
	/>
  <plugin 
	unpack='false'
	id='org.eclipse.swt'
	download-size='0'
	install-size='0'
	version='3.5.1.v3555a'
	/>
  <plugin 
	unpack='false'
	id='org.hamcrest.core'
	download-size='0'
	install-size='0'
	version='1.1.0.v20090501071000'
	/>
  <plugin 
	unpack='false'
	id='org.eclipse.equinox.p2.metadata.repository'
	download-size='0'
	install-size='0'
	version='1.0.101.R35x_v20090812'
	/>
  <plugin 
	unpack='true'
	id='org.eclipse.equinox.launcher.motif.linux.x86'
	download-size='0'
	install-size='0'
	version='1.0.200.v20090520'
	os='linux'
	arch='x86'
	ws='motif'
	/>
  <plugin 
	unpack='false'
	id='org.apache.commons.logging'
	download-size='0'
	install-size='0'
	version='1.0.4.v200904062259'
	/>
  <plugin 
	unpack='false'
	id='com.ibm.icu'
	download-size='0'
	install-size='0'
	version='4.0.1.v20090822'
	/>
  <plugin 
	unpack='false'
	id='org.eclipse.ant.core'
	download-size='0'
	install-size='0'
	version='3.2.100.v20090817_r351'
	/>
  <plugin 
	unpack='false'
	id='org.eclipse.equinox.transforms.hook'
	download-size='0'
	install-size='0'
	version='1.0.100.v20090520-1800'
	/>
  <plugin 
	unpack='false'
	id='org.eclipse.core.variables'
	download-size='0'
	install-size='0'
	version='3.2.200.v20090521'
	/>
  <plugin 
	unpack='true'
	id='org.eclipse.equinox.launcher.cocoa.macosx'
	download-size='0'
	install-size='0'
	version='1.0.1.R35x_v20090707'
	os='macosx'
	arch='x86,ppc'
	ws='cocoa'
	/>
  <plugin 
	unpack='false'
	id='org.eclipse.ui.ide'
	download-size='0'
	install-size='0'
	version='3.5.1.M20090826-0800'
	/>
  <plugin 
	unpack='false'
	id='org.eclipse.equinox.concurrent'
	download-size='0'
	install-size='0'
	version='1.0.0.v20090520-1800'
	/>
  <plugin 
	unpack='false'
	id='org.apache.commons.codec'
	download-size='0'
	install-size='0'
	version='1.3.0.v20080530-1600'
	/>
  <plugin 
	unpack='true'
	id='org.eclipse.equinox.launcher.motif.aix.ppc'
	download-size='0'
	install-size='0'
	version='1.0.200.v20090519'
	os='aix'
	arch='ppc'
	ws='motif'
	/>
  <plugin 
	unpack='false'
	id='org.eclipse.epp.usagedata.recording'
	download-size='0'
	install-size='0'
	version='1.1.0.R200906100410'
	/>
  <plugin 
	unpack='true'
	id='org.eclipse.platform'
	download-size='0'
	install-size='0'
	version='3.3.201.v200909170800'
	/>
  <plugin 
	unpack='false'
	id='org.eclipse.equinox.util'
	download-size='0'
	install-size='0'
	version='1.0.100.v20090520-1800'
	/>
  <plugin 
	unpack='false'
	id='org.eclipse.equinox.p2.director.app'
	download-size='0'
	install-size='0'
	version='1.0.100.v20090521-1912'
	/>
  <plugin 
	unpack='false'
	id='org.eclipse.swt.photon.qnx.x86'
	download-size='0'
	install-size='0'
	version='3.5.1.v3555a'
	os='qnx'
	arch='x86'
	ws='photon'
	/>
  <plugin 
	unpack='false'
	id='org.eclipse.swt.gtk.linux.ppc'
	download-size='0'
	install-size='0'
	version='3.5.1.v3555a'
	os='linux'
	arch='ppc'
	ws='gtk'
	/>
  <plugin 
	unpack='false'
	id='org.eclipse.swt.motif.linux.x86'
	download-size='0'
	install-size='0'
	version='3.5.1.v3555a'
	os='linux'
	arch='x86'
	ws='motif'
	/>
  <plugin 
	unpack='false'
	id='org.eclipse.ecf.provider.filetransfer.ssl'
	download-size='0'
	install-size='0'
	version='1.0.0.v20090831-1906'
	/>
  <plugin 
	unpack='false'
	id='org.eclipse.core.runtime.compatibility.auth'
	download-size='0'
	install-size='0'
	version='3.2.100.v20090413'
	/>
  <plugin 
	unpack='false'
	id='org.eclipse.ui.intro'
	download-size='0'
	install-size='0'
	version='3.3.1.v20090805_35x'
	/>
  <plugin 
	unpack='false'
	id='org.sat4j.core'
	download-size='0'
	install-size='0'
	version='2.1.0.v20090520'
	/>
  <plugin 
	unpack='false'
	id='org.eclipse.update.ui'
	download-size='0'
	install-size='0'
	version='3.2.201.R35x_v20090813'
	/>
  <plugin 
	unpack='false'
	id='org.eclipse.equinox.p2.ui.sdk'
	download-size='0'
	install-size='0'
	version='1.0.100.v20090520-1905'
	/>
  <plugin 
	unpack='false'
	id='org.eclipse.core.expressions'
	download-size='0'
	install-size='0'
	version='3.4.100.v20090429-1800'
	/>
  <plugin 
	unpack='false'
	id='org.eclipse.team.core'
	download-size='0'
	install-size='0'
	version='3.5.0.I20090527-0620'
	/>
  <plugin 
	unpack='false'
	id='org.eclipse.core.filesystem.macosx'
	download-size='0'
	install-size='0'
	version='1.1.0.v20090112'
	os='macosx'
	arch='x86,ppc,x86_64'
	/>
  <plugin 
	unpack='false'
	id='org.eclipse.core.resources.compatibility'
	download-size='0'
	install-size='0'
	version='3.4.0.v20090505'
	/>
  <plugin 
	unpack='false'
	id='org.eclipse.ecf.identity'
	download-size='0'
	install-size='0'
	version='3.0.0.v20090831-1906'
	/>
  <plugin 
	unpack='false'
	id='org.eclipse.core.filesystem.win32.x86'
	download-size='0'
	install-size='0'
	version='1.1.0.v20080604-1400'
	os='win32'
	arch='x86'
	/>
  <plugin 
	unpack='false'
	id='org.eclipse.core.net.win32.x86_64'
	download-size='0'
	install-size='0'
	version='1.0.0.I20090306-1030'
	os='win32'
	arch='x86_64'
	/>
  <plugin 
	unpack='false'
	id='org.eclipse.ui.ide.application'
	download-size='0'
	install-size='0'
	version='1.0.101.M20090826-0800'
	/>
  <plugin 
	unpack='false'
	id='org.eclipse.equinox.simpleconfigurator'
	download-size='0'
	install-size='0'
	version='1.0.101.R35x_v20090807-1100'
	/>
  <plugin 
	unpack='false'
	id='org.eclipse.ui.workbench'
	download-size='0'
	install-size='0'
	version='3.5.1.M20090826-0800a'
	/>
  <plugin 
	unpack='false'
	id='org.mortbay.jetty.server'
	download-size='0'
	install-size='0'
	version='6.1.15.v200905151201'
	/>
  <plugin 
	unpack='false'
	id='org.eclipse.equinox.p2.garbagecollector'
	download-size='0'
	install-size='0'
	version='1.0.100.v20090520-1905'
	/>
  <plugin 
	unpack='false'
	id='org.eclipse.swt.motif.hpux.ia64_32'
	download-size='0'
	install-size='0'
	version='3.5.1.v3555a'
	os='hpux'
	arch='ia64_32'
	ws='motif'
	/>
  <plugin 
	unpack='false'
	id='org.eclipse.ecf.provider.filetransfer.httpclient.ssl'
	download-size='0'
	install-size='0'
	version='1.0.0.v20090831-1906'
	/>
  <plugin 
	unpack='false'
	id='org.eclipse.equinox.security.win32.x86'
	download-size='0'
	install-size='0'
	version='1.0.100.v20090520-1800'
	os='win32'
	arch='x86'
	/>
  <plugin 
	unpack='false'
	id='org.eclipse.equinox.http.servlet'
	download-size='0'
	install-size='0'
	version='1.0.200.v20090520-1800'
	/>
  <plugin 
	unpack='false'
	id='org.eclipse.equinox.p2.jarprocessor'
	download-size='0'
	install-size='0'
	version='1.0.100.v20090520-1905'
	/>
  <plugin 
	unpack='false'
	id='org.eclipse.ecf.provider.filetransfer'
	download-size='0'
	install-size='0'
	version='3.0.1.v20090831-1906'
	/>
  <plugin 
	unpack='true'
	id='org.eclipse.equinox.launcher.cocoa.macosx.x86_64'
	download-size='0'
	install-size='0'
	version='1.0.1.R35x_v20090707'
	os='macosx'
	arch='x86_64'
	ws='cocoa'
	/>
  <plugin 
	unpack='true'
	id='org.eclipse.ui.workbench.compatibility'
	download-size='0'
	install-size='0'
	version='3.2.0.I20090429-1800'
	/>
  <plugin 
	unpack='false'
	id='org.apache.jasper'
	download-size='0'
	install-size='0'
	version='5.5.17.v200903231320'
	/>
  <plugin 
	unpack='true'
	id='org.eclipse.equinox.launcher.gtk.solaris.x86'
	download-size='0'
	install-size='0'
	version='1.0.201.R35x_v20090720'
	os='solaris'
	arch='x86'
	ws='gtk'
	/>
  <plugin 
	unpack='false'
	id='org.eclipse.equinox.common'
	download-size='0'
	install-size='0'
	version='3.5.1.R35x_v20090807-1100'
	/>
  <plugin 
	unpack='false'
	id='org.eclipse.equinox.p2.console'
	download-size='0'
	install-size='0'
	version='1.0.100.v20090520-1905'
	/>
  <plugin 
	unpack='false'
	id='org.eclipse.swt.carbon.macosx'
	download-size='0'
	install-size='0'
	version='3.5.1.v3555a'
	os='macosx'
	arch='x86,ppc'
	ws='carbon'
	/>
  <plugin 
	unpack='false'
	id='org.eclipse.equinox.ds'
	download-size='0'
	install-size='0'
	version='1.1.1.R35x_v20090806'
	/>
  <plugin 
	unpack='false'
	id='javax.mail'
	download-size='0'
	install-size='0'
	version='1.4.0.v200905040518'
	/>
  <plugin 
	unpack='false'
	id='org.eclipse.equinox.registry'
	download-size='0'
	install-size='0'
	version='3.4.100.v20090520-1800'
	/>
  <plugin 
	unpack='false'
	id='org.eclipse.osgi'
	download-size='0'
	install-size='0'
	version='3.5.1.R35x_v20090827'
	/>
  <plugin 
	unpack='false'
	id='org.eclipse.equinox.p2.touchpoint.eclipse'
	download-size='0'
	install-size='0'
	version='1.0.101.R35x_20090820-1821'
	/>
  <plugin 
	unpack='false'
	id='org.eclipse.equinox.p2.ui.admin'
	download-size='0'
	install-size='0'
	version='1.0.0.v20090520-1905'
	/>
  <plugin 
	unpack='false'
	id='org.eclipse.swt.win32.win32.x86_64'
	download-size='0'
	install-size='0'
	version='3.5.1.v3555a'
	os='win32'
	arch='x86_64'
	ws='win32'
	/>
  <plugin 
	unpack='false'
	id='org.eclipse.help.webapp'
	download-size='0'
	install-size='0'
	version='3.4.1.v20090819_35x'
	/>
  <plugin 
	unpack='false'
	id='org.eclipse.equinox.jsp.jasper'
	download-size='0'
	install-size='0'
	version='1.0.200.v20090520-1800'
	/>
  <plugin 
	unpack='false'
	id='org.eclipse.core.resources.win32.x86'
	download-size='0'
	install-size='0'
	version='3.5.0.v20081020'
	os='win32'
	arch='x86'
	/>
  <plugin 
	unpack='false'
	id='org.eclipse.equinox.frameworkadmin.equinox'
	download-size='0'
	install-size='0'
	version='1.0.100.v20090520-1905'
	/>
  <plugin 
	unpack='false'
	id='org.eclipse.ui.editors'
	download-size='0'
	install-size='0'
	version='3.5.0.v20090527-2000'
	/>
  <plugin 
	unpack='true'
	id='org.eclipse.equinox.launcher.win32.win32.x86_64'
	download-size='0'
	install-size='0'
	version='1.0.200.v20090519'
	os='win32'
	arch='x86_64'
	ws='win32'
	/>
  <plugin 
	unpack='false'
	id='org.eclipse.equinox.launcher'
	download-size='0'
	install-size='0'
	version='1.0.201.R35x_v20090715'
	/>
  <plugin 
	unpack='false'
	id='org.eclipse.core.databinding'
	download-size='0'
	install-size='0'
	version='1.2.0.M20090819-0800'
	/>
  <plugin 
	unpack='false'
	id='org.eclipse.jface.text'
	download-size='0'
	install-size='0'
	version='3.5.1.r351_v20090708-0800'
	/>
  <plugin 
	unpack='true'
	id='org.eclipse.equinox.launcher.gtk.linux.s390x'
	download-size='0'
	install-size='0'
	version='1.0.100.v20090426-1530'
	os='linux'
	arch='s390x'
	ws='gtk'
	/>
  <plugin 
	unpack='false'
	id='org.eclipse.equinox.p2.engine'
	download-size='0'
	install-size='0'
	version='1.0.101.R35x_v20090825'
	/>
  <plugin 
	unpack='false'
	id='org.apache.lucene.analysis'
	download-size='0'
	install-size='0'
	version='1.9.1.v20080530-1600'
	/>
  <plugin 
	unpack='false'
	id='org.eclipse.core.filebuffers'
	download-size='0'
	install-size='0'
	version='3.5.0.v20090526-2000'
	/>
  <plugin 
	unpack='false'
	id='org.eclipse.ecf.ssl'
	download-size='0'
	install-size='0'
	version='1.0.0.v20090831-1906'
	/>
  <plugin 
	unpack='true'
	id='org.eclipse.equinox.launcher.gtk.linux.x86'
	download-size='0'
	install-size='0'
	version='1.0.200.v20090520'
	os='linux'
	arch='x86'
	ws='gtk'
	/>
  <plugin 
	unpack='false'
	id='org.apache.log4j'
	download-size='0'
	install-size='0'
	version='1.2.13.v200903072027'
	/>
  <plugin 
	unpack='false'
	id='org.eclipse.core.resources'
	download-size='0'
	install-size='0'
	version='3.5.1.R35x_v20090826-0451'
	/>
  <plugin 
	unpack='false'
	id='org.eclipse.equinox.p2.metadata'
	download-size='0'
	install-size='0'
	version='1.0.100.v20090525'
	/>
  <plugin 
	unpack='true'
	id='org.junit4'
	download-size='0'
	install-size='0'
	version='4.5.0.v20090824'
	/>
  <plugin 
	unpack='false'
	id='org.eclipse.equinox.p2.tools'
	download-size='0'
	install-size='0'
	version='1.0.0.v20090525'
	/>
  <plugin 
	unpack='false'
	id='org.eclipse.core.filesystem.qnx.x86'
	download-size='0'
	install-size='0'
	version='1.0.0.v20080604-1400'
	os='qnx'
	arch='x86'
	/>
  <plugin 
	unpack='false'
	id='org.apache.commons.el'
	download-size='0'
	install-size='0'
	version='1.0.0.v200806031608'
	/>
  <plugin 
	unpack='false'
	id='org.eclipse.ui.cheatsheets'
	download-size='0'
	install-size='0'
	version='3.3.200.v20090526'
	/>
  <plugin 
	unpack='false'
	id='org.mortbay.jetty.util'
	download-size='0'
	install-size='0'
	version='6.1.15.v200905182336'
	/>
  <plugin 
	unpack='false'
	id='org.eclipse.ui.views'
	download-size='0'
	install-size='0'
	version='3.4.1.M20090826-0800'
	/>
  <plugin 
	unpack='false'
	id='org.eclipse.equinox.frameworkadmin'
	download-size='0'
	install-size='0'
	version='1.0.100.v20090520-1905'
	/>
  <plugin 
	unpack='false'
	id='org.eclipse.equinox.security'
	download-size='0'
	install-size='0'
	version='1.0.100.v20090520-1800'
	/>
  <plugin 
	unpack='false'
	id='org.eclipse.equinox.p2.core'
	download-size='0'
	install-size='0'
	version='1.0.101.R35x_v20090819'
	/>
  <plugin 
	unpack='true'
	id='org.eclipse.equinox.launcher.wpf.win32.x86'
	download-size='0'
	install-size='0'
	version='1.0.200.v20090519'
	os='win32'
	arch='x86'
	ws='wpf'
	/>
  <plugin 
	unpack='true'
	id='org.eclipse.equinox.launcher.gtk.linux.ppc'
	download-size='0'
	install-size='0'
	version='1.0.200.v20090519'
	os='linux'
	arch='ppc'
	ws='gtk'
	/>
  <plugin 
	unpack='false'
	id='org.eclipse.ui.views.log'
	download-size='0'
	install-size='0'
	version='1.0.100.v20090731'
	/>
  <plugin 
	unpack='false'
	id='org.eclipse.ui.carbon'
	download-size='0'
	install-size='0'
	version='4.0.0.I20090525-2000'
	ws='carbon'
	/>
  <plugin 
	unpack='false'
	id='org.eclipse.osgi.services'
	download-size='0'
	install-size='0'
	version='3.2.0.v20090520-1800'
	/>
  <plugin 
	unpack='false'
	id='org.eclipse.equinox.p2.touchpoint.natives'
	download-size='0'
	install-size='0'
	version='1.0.101.R35x_v20090806'
	/>
  <plugin 
	unpack='false'
	id='org.eclipse.core.filesystem.solaris.sparc'
	download-size='0'
	install-size='0'
	version='1.0.100.v20080604-1400'
	os='solaris'
	arch='sparc'
	/>


</feature>
